association_logo_url,big_logo_url,country_code,id_provider,international_name,logo_url,medium_logo_url,team_code,team_type_detail,display_official_name,club_id
https://img.uefa.com/imgml/uefacom/elements/logos/ma/ITA.svg,https://img.uefa.com/imgml/TP/teams/logos/700x700/50029.png,ITA,FAME,Torino,https://img.uefa.com/imgml/TP/teams/logos/70x70/50029.png,https://img.uefa.com/imgml/TP/teams/logos/240x240/50029.png,TOR,DOMESTIC_MEN_TEAM_A,Torino FC,50029
https://img.uefa.com/imgml/uefacom/elements/logos/ma/ITA.svg,https://img.uefa.com/imgml/TP/teams/logos/700x700/50136.png,ITA,FAME,Napoli,https://img.uefa.com/imgml/TP/teams/logos/70x70/50136.png,https://img.uefa.com/imgml/TP/teams/logos/240x240/50136.png,NAP,DOMESTIC_MEN_TEAM_A,SSC Napoli,50136
https://img.uefa.com/imgml/uefacom/elements/logos/ma/ITA.svg,https://img.uefa.com/imgml/TP/teams/logos/700x700/50058.png,ITA,FAME,Milan,https://img.uefa.com/imgml/TP/teams/logos/70x70/50058.png,https://img.uefa.com/imgml/TP/teams/logos/240x240/50058.png,ACM,DOMESTIC_MEN_TEAM_A,AC Milan,50058
https://img.uefa.com/imgml/uefacom/elements/logos/ma/ITA.svg,https://img.uefa.com/imgml/TP/teams/logos/700x700/52816.png,ITA,FAME,Atalanta,https://img.uefa.com/imgml/TP/teams/logos/70x70/52816.png,https://img.uefa.com/imgml/TP/teams/logos/240x240/52816.png,ATA,DOMESTIC_MEN_TEAM_A,Atalanta BC,52816
https://img.uefa.com/imgml/uefacom/elements/logos/ma/ENG.svg,https://img.uefa.com/imgml/TP/teams/logos/700x700/52914.png,ENG,FAME,Chelsea,https://img.uefa.com/imgml/TP/teams/logos/70x70/52914.png,https://img.uefa.com/imgml/TP/teams/logos/240x240/52914.png,CHE,DOMESTIC_MEN_TEAM_A,Chelsea FC,52914
https://img.uefa.com/imgml/uefacom/elements/logos/ma/FRA.svg,https://img.uefa.com/imgml/TP/teams/logos/700x700/52747.png,FRA,FAME,Paris,https://img.uefa.com/imgml/TP/teams/logos/70x70/52747.png,https://img.uefa.com/imgml/TP/teams/logos/240x240/52747.png,PAR,DOMESTIC_MEN_TEAM_A,Paris Saint-Germain,52747
https://img.uefa.com/imgml/uefacom/elements/logos/ma/ITA.svg,https://img.uefa.com/imgml/TP/teams/logos/700x700/52973.png,ITA,FAME,Lazio,https://img.uefa.com/imgml/TP/teams/logos/70x70/52973.png,https://img.uefa.com/imgml/TP/teams/logos/240x240/52973.png,LAZ,DOMESTIC_MEN_TEAM_A,SS Lazio,52973
https://img.uefa.com/imgml/uefacom/elements/logos/ma/ITA.svg,https://img.uefa.com/imgml/TP/teams/logos/700x700/50139.png,ITA,FAME,Juventus,https://img.uefa.com/imgml/TP/teams/logos/70x70/50139.png,https://img.uefa.com/imgml/TP/teams/logos/240x240/50139.png,JUV,DOMESTIC_MEN_TEAM_A,Juventus,50139
https://img.uefa.com/imgml/uefacom/elements/logos/ma/ITA.svg,https://img.uefa.com/imgml/TP/teams/logos/700x700/50137.png,ITA,FAME,Roma,https://img.uefa.com/imgml/TP/teams/logos/70x70/50137.png,https://img.uefa.com/imgml/TP/teams/logos/240x240/50137.png,ASR,DOMESTIC_MEN_TEAM_A,AS Roma,50137
https://img.uefa.com/imgml/uefacom/elements/logos/ma/ITA.svg,https://img.uefa.com/imgml/TP/teams/logos/700x700/50138.png,ITA,FAME,Internazionale,https://img.uefa.com/imgml/TP/teams/logos/70x70/50138.png,https://img.uefa.com/imgml/TP/teams/logos/240x240/50138.png,INT,DOMESTIC_MEN_TEAM_A,FC Internazionale Milano,50138
https://img.uefa.com/imgml/uefacom/elements/logos/ma/ITA.svg,https://img.uefa.com/imgml/TP/teams/logos/700x700/2600632.png,ITA,FAME,Sassuolo,https://img.uefa.com/imgml/TP/teams/logos/70x70/2600632.png,https://img.uefa.com/imgml/TP/teams/logos/240x240/2600632.png,,DOMESTIC_MEN_TEAM_A,US Sassuolo Calcio,2600632
https://img.uefa.com/imgml/uefacom/elements/logos/ma/FRA.svg,https://img.uefa.com/imgml/TP/teams/logos/700x700/50128.png,FRA,FAME,Montpellier,https://img.uefa.com/imgml/TP/teams/logos/70x70/50128.png,https://img.uefa.com/imgml/TP/teams/logos/240x240/50128.png,MON,DOMESTIC_MEN_TEAM_A,Montpellier Hérault SC,50128
https://img.uefa.com/imgml/uefacom/elements/logos/ma/GER.svg,https://img.uefa.com/imgml/TP/teams/logos/700x700/52757.png,GER,FAME,Mönchengladbach,https://img.uefa.com/imgml/TP/teams/logos/70x70/52757.png,https://img.uefa.com/imgml/TP/teams/logos/240x240/52757.png,MON,DOMESTIC_MEN_TEAM_A,VfL Borussia Mönchengladbach,52757
https://img.uefa.com/imgml/uefacom/elements/logos/ma/NED.svg,https://img.uefa.com/imgml/TP/teams/logos/700x700/50062.png,NED,FAME,PSV,https://img.uefa.com/imgml/TP/teams/logos/70x70/50062.png,https://img.uefa.com/imgml/TP/teams/logos/240x240/50062.png,PSV,DOMESTIC_MEN_TEAM_A,PSV Eindhoven,50062
https://img.uefa.com/imgml/uefacom/elements/logos/ma/GER.svg,https://img.uefa.com/imgml/TP/teams/logos/700x700/52758.png,GER,FAME,Dortmund,https://img.uefa.com/imgml/TP/teams/logos/70x70/52758.png,https://img.uefa.com/imgml/TP/teams/logos/240x240/52758.png,BVB,DOMESTIC_MEN_TEAM_A,Borussia Dortmund,52758
https://img.uefa.com/imgml/uefacom/elements/logos/ma/GER.svg,https://img.uefa.com/imgml/TP/teams/logos/700x700/64332.png,GER,FAME,Wolfsburg,https://img.uefa.com/imgml/TP/teams/logos/70x70/64332.png,https://img.uefa.com/imgml/TP/teams/logos/240x240/64332.png,WOL,DOMESTIC_MEN_TEAM_A,VfL Wolfsburg,64332
https://img.uefa.com/imgml/uefacom/elements/logos/ma/FRA.svg,https://img.uefa.com/imgml/TP/teams/logos/700x700/50127.png,FRA,FAME,Bordeaux,https://img.uefa.com/imgml/TP/teams/logos/70x70/50127.png,https://img.uefa.com/imgml/TP/teams/logos/240x240/50127.png,BOR,DOMESTIC_MEN_TEAM_A,FC Girondins de Bordeaux,50127
https://img.uefa.com/imgml/uefacom/elements/logos/ma/FRA.svg,https://img.uefa.com/imgml/TP/teams/logos/700x700/52355.png,FRA,FAME,Nice,https://img.uefa.com/imgml/TP/teams/logos/70x70/52355.png,https://img.uefa.com/imgml/TP/teams/logos/240x240/52355.png,NIC,DOMESTIC_MEN_TEAM_A,OGC Nice,52355
https://img.uefa.com/imgml/uefacom/elements/logos/ma/SUI.svg,https://img.uefa.com/imgml/TP/teams/logos/700x700/51150.png,SUI,FAME,Zürich,https://img.uefa.com/imgml/TP/teams/logos/70x70/51150.png,https://img.uefa.com/imgml/TP/teams/logos/240x240/51150.png,FCZ,DOMESTIC_MEN_TEAM_A,FC Zürich,51150
https://img.uefa.com/imgml/uefacom/elements/logos/ma/SUI.svg,https://img.uefa.com/imgml/TP/teams/logos/700x700/59856.png,SUI,FAME,Basel,https://img.uefa.com/imgml/TP/teams/logos/70x70/59856.png,https://img.uefa.com/imgml/TP/teams/logos/240x240/59856.png,BSL,DOMESTIC_MEN_TEAM_A,FC Basel 1893,59856
https://img.uefa.com/imgml/uefacom/elements/logos/ma/ENG.svg,https://img.uefa.com/imgml/TP/teams/logos/700x700/59324.png,ENG,FAME,Newcastle,https://img.uefa.com/imgml/TP/teams/logos/70x70/59324.png,https://img.uefa.com/imgml/TP/teams/logos/240x240/59324.png,NEW,DOMESTIC_MEN_TEAM_A,Newcastle United FC,59324
https://img.uefa.com/imgml/uefacom/elements/logos/ma/ENG.svg,https://img.uefa.com/imgml/TP/teams/logos/700x700/7889.png,ENG,FAME,Liverpool,https://img.uefa.com/imgml/TP/teams/logos/70x70/7889.png,https://img.uefa.com/imgml/TP/teams/logos/240x240/7889.png,LIV,DOMESTIC_MEN_TEAM_A,Liverpool FC,7889
https://img.uefa.com/imgml/uefacom/elements/logos/ma/GER.svg,https://img.uefa.com/imgml/TP/teams/logos/700x700/70853.png,GER,FAME,Mainz,https://img.uefa.com/imgml/TP/teams/logos/70x70/70853.png,https://img.uefa.com/imgml/TP/teams/logos/240x240/70853.png,MAI,DOMESTIC_MEN_TEAM_A,1. FSV Mainz 05,70853
https://img.uefa.com/imgml/uefacom/elements/logos/ma/SUI.svg,https://img.uefa.com/imgml/TP/teams/logos/700x700/50031.png,SUI,FAME,Young Boys,https://img.uefa.com/imgml/TP/teams/logos/70x70/50031.png,https://img.uefa.com/imgml/TP/teams/logos/240x240/50031.png,YB,DOMESTIC_MEN_TEAM_A,BSC Young Boys,50031
https://img.uefa.com/imgml/uefacom/elements/logos/ma/GER.svg,https://img.uefa.com/imgml/TP/teams/logos/700x700/50072.png,GER,FAME,Frankfurt,https://img.uefa.com/imgml/TP/teams/logos/70x70/50072.png,https://img.uefa.com/imgml/TP/teams/logos/240x240/50072.png,EIN,DOMESTIC_MEN_TEAM_A,Eintracht Frankfurt,50072
https://img.uefa.com/imgml/uefacom/elements/logos/ma/ENG.svg,https://img.uefa.com/imgml/TP/teams/logos/700x700/52280.png,ENG,FAME,Arsenal,https://img.uefa.com/imgml/TP/teams/logos/70x70/52280.png,https://img.uefa.com/imgml/TP/teams/logos/240x240/52280.png,ARS,DOMESTIC_MEN_TEAM_A,Arsenal FC,52280
https://img.uefa.com/imgml/uefacom/elements/logos/ma/GER.svg,https://img.uefa.com/imgml/TP/teams/logos/700x700/2600978.png,GER,FAME,Augsburg,https://img.uefa.com/imgml/TP/teams/logos/70x70/2600978.png,https://img.uefa.com/imgml/TP/teams/logos/240x240/2600978.png,AUG,DOMESTIC_MEN_TEAM_A,FC Augsburg,2600978
https://img.uefa.com/imgml/uefacom/elements/logos/ma/CRO.svg,https://img.uefa.com/imgml/TP/teams/logos/700x700/50164.png,CRO,FAME,Dinamo Zagreb,https://img.uefa.com/imgml/TP/teams/logos/70x70/50164.png,https://img.uefa.com/imgml/TP/teams/logos/240x240/50164.png,DZ,DOMESTIC_MEN_TEAM_A,GNK Dinamo Zagreb,50164
https://img.uefa.com/imgml/uefacom/elements/logos/ma/POR.svg,https://img.uefa.com/imgml/TP/teams/logos/700x700/50147.png,POR,FAME,Benfica,https://img.uefa.com/imgml/TP/teams/logos/70x70/50147.png,https://img.uefa.com/imgml/TP/teams/logos/240x240/50147.png,SLB,DOMESTIC_MEN_TEAM_A,SL Benfica,50147
https://img.uefa.com/imgml/uefacom/elements/logos/ma/TUR.svg,https://img.uefa.com/imgml/TP/teams/logos/700x700/52692.png,TUR,FAME,Fenerbahçe,https://img.uefa.com/imgml/TP/teams/logos/70x70/52692.png,https://img.uefa.com/imgml/TP/teams/logos/240x240/52692.png,FEN,DOMESTIC_MEN_TEAM_A,Fenerbahçe SK,52692
https://img.uefa.com/imgml/uefacom/elements/logos/ma/TUR.svg,https://img.uefa.com/imgml/TP/teams/logos/700x700/52731.png,TUR,FAME,Trabzonspor,https://img.uefa.com/imgml/TP/teams/logos/70x70/52731.png,https://img.uefa.com/imgml/TP/teams/logos/240x240/52731.png,TRA,DOMESTIC_MEN_TEAM_A,Trabzonspor AŞ,52731
https://img.uefa.com/imgml/uefacom/elements/logos/ma/TUR.svg,https://img.uefa.com/imgml/TP/teams/logos/700x700/2600288.png,TUR,FAME,İstanbul Başakşehir,https://img.uefa.com/imgml/TP/teams/logos/70x70/2600288.png,https://img.uefa.com/imgml/TP/teams/logos/240x240/2600288.png,BFK,DOMESTIC_MEN_TEAM_A,İstanbul Başakşehir,2600288
https://img.uefa.com/imgml/uefacom/elements/logos/ma/FRA.svg,https://img.uefa.com/imgml/TP/teams/logos/700x700/52664.png,FRA,FAME,Le Havre,https://img.uefa.com/imgml/TP/teams/logos/70x70/52664.png,https://img.uefa.com/imgml/TP/teams/logos/240x240/52664.png,LEH,DOMESTIC_MEN_TEAM_A,Le Havre AC,52664
https://img.uefa.com/imgml/uefacom/elements/logos/ma/ENG.svg,https://img.uefa.com/imgml/TP/teams/logos/700x700/53577.png,ENG,FAME,Leicester,https://img.uefa.com/imgml/TP/teams/logos/70x70/53577.png,https://img.uefa.com/imgml/TP/teams/logos/240x240/53577.png,LEI,DOMESTIC_MEN_TEAM_A,Leicester City FC,53577
https://img.uefa.com/imgml/uefacom/elements/logos/ma/FRA.svg,https://img.uefa.com/imgml/TP/teams/logos/700x700/75797.png,FRA,FAME,LOSC,https://img.uefa.com/imgml/TP/teams/logos/70x70/75797.png,https://img.uefa.com/imgml/TP/teams/logos/240x240/75797.png,LIL,DOMESTIC_MEN_TEAM_A,LOSC Lille,75797
https://img.uefa.com/imgml/uefacom/elements/logos/ma/TUR.svg,https://img.uefa.com/imgml/TP/teams/logos/700x700/50157.png,TUR,FAME,Beşiktaş,https://img.uefa.com/imgml/TP/teams/logos/70x70/50157.png,https://img.uefa.com/imgml/TP/teams/logos/240x240/50157.png,BJK,DOMESTIC_MEN_TEAM_A,Beşiktaş JK,50157
https://img.uefa.com/imgml/uefacom/elements/logos/ma/ENG.svg,https://img.uefa.com/imgml/TP/teams/logos/700x700/53359.png,ENG,FAME,West Brom,https://img.uefa.com/imgml/TP/teams/logos/70x70/53359.png,https://img.uefa.com/imgml/TP/teams/logos/240x240/53359.png,WES,DOMESTIC_MEN_TEAM_A,West Bromwich Albion FC,53359
https://img.uefa.com/imgml/uefacom/elements/logos/ma/NED.svg,https://img.uefa.com/imgml/TP/teams/logos/700x700/52749.png,NED,FAME,Feyenoord,https://img.uefa.com/imgml/TP/teams/logos/70x70/52749.png,https://img.uefa.com/imgml/TP/teams/logos/240x240/52749.png,FEY,DOMESTIC_MEN_TEAM_A,Feyenoord,52749
https://img.uefa.com/imgml/uefacom/elements/logos/ma/TUR.svg,https://img.uefa.com/imgml/TP/teams/logos/700x700/50067.png,TUR,FAME,Galatasaray,https://img.uefa.com/imgml/TP/teams/logos/70x70/50067.png,https://img.uefa.com/imgml/TP/teams/logos/240x240/50067.png,GAL,DOMESTIC_MEN_TEAM_A,Galatasaray AŞ,50067
https://img.uefa.com/imgml/uefacom/elements/logos/ma/GER.svg,https://img.uefa.com/imgml/TP/teams/logos/700x700/5926.png,GER,FAME,Düsseldorf,https://img.uefa.com/imgml/TP/teams/logos/70x70/5926.png,https://img.uefa.com/imgml/TP/teams/logos/240x240/5926.png,DUS,DOMESTIC_MEN_TEAM_A,Fortuna Düsseldorf,5926
https://img.uefa.com/imgml/uefacom/elements/logos/ma/ESP.svg,https://img.uefa.com/imgml/TP/teams/logos/700x700/87960.png,ESP,FAME,Getafe,https://img.uefa.com/imgml/TP/teams/logos/70x70/87960.png,https://img.uefa.com/imgml/TP/teams/logos/240x240/87960.png,GET,DOMESTIC_MEN_TEAM_A,Getafe CF,87960
https://img.uefa.com/imgml/uefacom/elements/logos/ma/ENG.svg,https://img.uefa.com/imgml/TP/teams/logos/700x700/53356.png,ENG,FAME,Stoke,https://img.uefa.com/imgml/TP/teams/logos/70x70/53356.png,https://img.uefa.com/imgml/TP/teams/logos/240x240/53356.png,STO,DOMESTIC_MEN_TEAM_A,Stoke City FC,53356
https://img.uefa.com/imgml/uefacom/elements/logos/ma/ENG.svg,https://img.uefa.com/imgml/TP/teams/logos/700x700/52916.png,ENG,FAME,Crystal Palace,https://img.uefa.com/imgml/TP/teams/logos/70x70/52916.png,https://img.uefa.com/imgml/TP/teams/logos/240x240/52916.png,CRY,DOMESTIC_MEN_TEAM_A,Crystal Palace FC,52916
https://img.uefa.com/imgml/uefacom/elements/logos/ma/ENG.svg,https://img.uefa.com/imgml/TP/teams/logos/700x700/68215.png,ENG,FAME,Sheff. United,https://img.uefa.com/imgml/TP/teams/logos/70x70/68215.png,https://img.uefa.com/imgml/TP/teams/logos/240x240/68215.png,SHE,DOMESTIC_MEN_TEAM_A,Sheffield United FC,68215
https://img.uefa.com/imgml/uefacom/elements/logos/ma/ENG.svg,https://img.uefa.com/imgml/TP/teams/logos/700x700/52659.png,ENG,FAME,Swansea,https://img.uefa.com/imgml/TP/teams/logos/70x70/52659.png,https://img.uefa.com/imgml/TP/teams/logos/240x240/52659.png,SWA,DOMESTIC_MEN_TEAM_A,Swansea City AFC,52659
https://img.uefa.com/imgml/uefacom/elements/logos/ma/ENG.svg,https://img.uefa.com/imgml/TP/teams/logos/700x700/69598.png,ENG,FAME,Charlton,https://img.uefa.com/imgml/TP/teams/logos/70x70/69598.png,https://img.uefa.com/imgml/TP/teams/logos/240x240/69598.png,CHA,DOMESTIC_MEN_TEAM_A,Charlton Athletic FC,69598
https://img.uefa.com/imgml/uefacom/elements/logos/ma/ENG.svg,https://img.uefa.com/imgml/TP/teams/logos/700x700/1652.png,ENG,FAME,Tottenham,https://img.uefa.com/imgml/TP/teams/logos/70x70/1652.png,https://img.uefa.com/imgml/TP/teams/logos/240x240/1652.png,TOT,DOMESTIC_MEN_TEAM_A,Tottenham Hotspur,1652
https://img.uefa.com/imgml/uefacom/elements/logos/ma/ENG.svg,https://img.uefa.com/imgml/TP/teams/logos/700x700/74222.png,ENG,FAME,Luton,https://img.uefa.com/imgml/TP/teams/logos/70x70/74222.png,https://img.uefa.com/imgml/TP/teams/logos/240x240/74222.png,LUT,DOMESTIC_MEN_TEAM_A,Luton Town FC,74222
https://img.uefa.com/imgml/uefacom/elements/logos/ma/ENG.svg,https://img.uefa.com/imgml/TP/teams/logos/700x700/2601124.png,ENG,FAME,Bournemouth,https://img.uefa.com/imgml/TP/teams/logos/70x70/2601124.png,https://img.uefa.com/imgml/TP/teams/logos/240x240/2601124.png,BOU,DOMESTIC_MEN_TEAM_A,AFC Bournemouth,2601124
https://img.uefa.com/imgml/uefacom/elements/logos/ma/ENG.svg,https://img.uefa.com/imgml/TP/teams/logos/700x700/52919.png,ENG,FAME,Man. City,https://img.uefa.com/imgml/TP/teams/logos/70x70/52919.png,https://img.uefa.com/imgml/TP/teams/logos/240x240/52919.png,MC,DOMESTIC_MEN_TEAM_A,Manchester City FC,52919
https://img.uefa.com/imgml/uefacom/elements/logos/ma/ENG.svg,https://img.uefa.com/imgml/TP/teams/logos/700x700/52682.png,ENG,FAME,Man. United,https://img.uefa.com/imgml/TP/teams/logos/70x70/52682.png,https://img.uefa.com/imgml/TP/teams/logos/240x240/52682.png,MU,DOMESTIC_MEN_TEAM_A,Manchester United FC,52682
https://img.uefa.com/imgml/uefacom/elements/logos/ma/WAL.svg,https://img.uefa.com/imgml/TP/teams/logos/700x700/50095.png,WAL,FAME,Cardiff,https://img.uefa.com/imgml/TP/teams/logos/70x70/50095.png,https://img.uefa.com/imgml/TP/teams/logos/240x240/50095.png,CAR,DOMESTIC_MEN_TEAM_A,Cardiff City FC,50095
https://img.uefa.com/imgml/uefacom/elements/logos/ma/ESP.svg,https://img.uefa.com/imgml/TP/teams/logos/700x700/50051.png,ESP,FAME,Real Madrid,https://img.uefa.com/imgml/TP/teams/logos/70x70/50051.png,https://img.uefa.com/imgml/TP/teams/logos/240x240/50051.png,RM,DOMESTIC_MEN_TEAM_A,Real Madrid CF,50051
https://img.uefa.com/imgml/uefacom/elements/logos/ma/ENG.svg,https://img.uefa.com/imgml/TP/teams/logos/700x700/53361.png,ENG,FAME,Leeds,https://img.uefa.com/imgml/TP/teams/logos/70x70/53361.png,https://img.uefa.com/imgml/TP/teams/logos/240x240/53361.png,LEE,DOMESTIC_MEN_TEAM_A,Leeds United,53361
https://img.uefa.com/imgml/uefacom/elements/logos/ma/BEL.svg,https://img.uefa.com/imgml/TP/teams/logos/700x700/50043.png,BEL,FAME,Club Brugge,https://img.uefa.com/imgml/TP/teams/logos/70x70/50043.png,https://img.uefa.com/imgml/TP/teams/logos/240x240/50043.png,BRU,DOMESTIC_MEN_TEAM_A,Club Brugge,50043
https://img.uefa.com/imgml/uefacom/elements/logos/ma/FRA.svg,https://img.uefa.com/imgml/TP/teams/logos/700x700/59857.png,FRA,FAME,Strasbourg,https://img.uefa.com/imgml/TP/teams/logos/70x70/59857.png,https://img.uefa.com/imgml/TP/teams/logos/240x240/59857.png,STR,DOMESTIC_MEN_TEAM_A,Racing Club de Strasbourg Alsace,59857
https://img.uefa.com/imgml/uefacom/elements/logos/ma/GER.svg,https://img.uefa.com/imgml/TP/teams/logos/700x700/5451.png,GER,FAME,Hertha,https://img.uefa.com/imgml/TP/teams/logos/70x70/5451.png,https://img.uefa.com/imgml/TP/teams/logos/240x240/5451.png,HER,DOMESTIC_MEN_TEAM_A,Hertha BSC Berlin,5451
https://img.uefa.com/imgml/uefacom/elements/logos/ma/JPN.svg,https://img.uefa.com/imgml/TP/teams/logos/700x700/2610816.png,JPN,FAME,Vissel Kobe,https://img.uefa.com/imgml/TP/teams/logos/70x70/2610816.png,https://img.uefa.com/imgml/TP/teams/logos/240x240/2610816.png,,DOMESTIC_MEN_TEAM_A,Vissel Kobe,2610816
https://img.uefa.com/imgml/uefacom/elements/logos/ma/FRA.svg,https://img.uefa.com/imgml/TP/teams/logos/700x700/5312.png,FRA,FAME,Lyon,https://img.uefa.com/imgml/TP/teams/logos/70x70/5312.png,https://img.uefa.com/imgml/TP/teams/logos/240x240/5312.png,OL,DOMESTIC_MEN_TEAM_A,Olympique Lyonnais,5312
https://img.uefa.com/imgml/uefacom/elements/logos/ma/ESP.svg,https://img.uefa.com/imgml/TP/teams/logos/700x700/50124.png,ESP,FAME,Atlético,https://img.uefa.com/imgml/TP/teams/logos/70x70/50124.png,https://img.uefa.com/imgml/TP/teams/logos/240x240/50124.png,ATL,DOMESTIC_MEN_TEAM_A,Club Atlético de Madrid,50124
https://img.uefa.com/imgml/uefacom/elements/logos/ma/ENG.svg,https://img.uefa.com/imgml/TP/teams/logos/700x700/53357.png,ENG,FAME,Wolves,https://img.uefa.com/imgml/TP/teams/logos/70x70/53357.png,https://img.uefa.com/imgml/TP/teams/logos/240x240/53357.png,WOL,DOMESTIC_MEN_TEAM_A,Wolverhampton Wanderers FC,53357
https://img.uefa.com/imgml/uefacom/elements/logos/ma/FRA.svg,https://img.uefa.com/imgml/TP/teams/logos/700x700/55031.png,FRA,FAME,Rennes,https://img.uefa.com/imgml/TP/teams/logos/70x70/55031.png,https://img.uefa.com/imgml/TP/teams/logos/240x240/55031.png,REN,DOMESTIC_MEN_TEAM_A,Stade Rennais FC,55031
https://img.uefa.com/imgml/uefacom/elements/logos/ma/ENG.svg,https://img.uefa.com/imgml/TP/teams/logos/700x700/2601105.png,ENG,FAME,Brighton,https://img.uefa.com/imgml/TP/teams/logos/70x70/2601105.png,https://img.uefa.com/imgml/TP/teams/logos/240x240/2601105.png,BRI,DOMESTIC_MEN_TEAM_A,Brighton & Hove Albion FC,2601105
https://img.uefa.com/imgml/uefacom/elements/logos/ma/GER.svg,https://img.uefa.com/imgml/TP/teams/logos/700x700/57388.png,GER,FAME,Schalke,https://img.uefa.com/imgml/TP/teams/logos/70x70/57388.png,https://img.uefa.com/imgml/TP/teams/logos/240x240/57388.png,SCH,DOMESTIC_MEN_TEAM_A,FC Schalke 04,57388
https://img.uefa.com/imgml/uefacom/elements/logos/ma/DEN.svg,https://img.uefa.com/imgml/TP/teams/logos/700x700/75795.png,DEN,FAME,Midtjylland,https://img.uefa.com/imgml/TP/teams/logos/70x70/75795.png,https://img.uefa.com/imgml/TP/teams/logos/240x240/75795.png,MID,DOMESTIC_MEN_TEAM_A,FC Midtjylland,75795
https://img.uefa.com/imgml/uefacom/elements/logos/ma/DEN.svg,https://img.uefa.com/imgml/TP/teams/logos/700x700/52709.png,DEN,FAME,Copenhagen,https://img.uefa.com/imgml/TP/teams/logos/70x70/52709.png,https://img.uefa.com/imgml/TP/teams/logos/240x240/52709.png,CPH,DOMESTIC_MEN_TEAM_A,F.C. Copenhagen,52709
https://img.uefa.com/imgml/uefacom/elements/logos/ma/ITA.svg,https://img.uefa.com/imgml/TP/teams/logos/700x700/51310.png,ITA,FAME,Udinese,https://img.uefa.com/imgml/TP/teams/logos/70x70/51310.png,https://img.uefa.com/imgml/TP/teams/logos/240x240/51310.png,UDI,DOMESTIC_MEN_TEAM_A,Udinese Calcio,51310
https://img.uefa.com/imgml/uefacom/elements/logos/ma/ENG.svg,https://img.uefa.com/imgml/TP/teams/logos/700x700/75386.png,ENG,FAME,Fulham,https://img.uefa.com/imgml/TP/teams/logos/70x70/75386.png,https://img.uefa.com/imgml/TP/teams/logos/240x240/75386.png,FUL,DOMESTIC_MEN_TEAM_A,Fulham FC,75386
https://img.uefa.com/imgml/uefacom/elements/logos/ma/ENG.svg,https://img.uefa.com/imgml/TP/teams/logos/700x700/52923.png,ENG,FAME,Southampton,https://img.uefa.com/imgml/TP/teams/logos/70x70/52923.png,https://img.uefa.com/imgml/TP/teams/logos/240x240/52923.png,SOU,DOMESTIC_MEN_TEAM_A,Southampton FC,52923
https://img.uefa.com/imgml/uefacom/elements/logos/ma/ESP.svg,https://img.uefa.com/imgml/TP/teams/logos/700x700/52268.png,ESP,FAME,Valencia,https://img.uefa.com/imgml/TP/teams/logos/70x70/52268.png,https://img.uefa.com/imgml/TP/teams/logos/240x240/52268.png,VAL,DOMESTIC_MEN_TEAM_A,Valencia CF,52268
https://img.uefa.com/imgml/uefacom/elements/logos/ma/DEN.svg,https://img.uefa.com/imgml/TP/teams/logos/700x700/89695.png,DEN,FAME,Horsens,https://img.uefa.com/imgml/TP/teams/logos/70x70/89695.png,https://img.uefa.com/imgml/TP/teams/logos/240x240/89695.png,HOR,DOMESTIC_MEN_TEAM_A,AC Horsens,89695
https://img.uefa.com/imgml/uefacom/elements/logos/ma/SWE.svg,https://img.uefa.com/imgml/TP/teams/logos/700x700/50152.png,SWE,FAME,Malmö,https://img.uefa.com/imgml/TP/teams/logos/70x70/50152.png,https://img.uefa.com/imgml/TP/teams/logos/240x240/50152.png,MAL,DOMESTIC_MEN_TEAM_A,Malmö FF,50152
https://img.uefa.com/imgml/uefacom/elements/logos/ma/GER.svg,https://img.uefa.com/imgml/TP/teams/logos/700x700/2600431.png,GER,FAME,Hoffenheim,https://img.uefa.com/imgml/TP/teams/logos/70x70/2600431.png,https://img.uefa.com/imgml/TP/teams/logos/240x240/2600431.png,HOF,DOMESTIC_MEN_TEAM_A,TSG 1899 Hoffenheim,2600431
https://img.uefa.com/imgml/uefacom/elements/logos/ma/ENG.svg,https://img.uefa.com/imgml/TP/teams/logos/700x700/2601127.png,ENG,FAME,Brentford,https://img.uefa.com/imgml/TP/teams/logos/70x70/2601127.png,https://img.uefa.com/imgml/TP/teams/logos/240x240/2601127.png,,DOMESTIC_MEN_TEAM_A,Brentford FC,2601127
https://img.uefa.com/imgml/uefacom/elements/logos/ma/ITA.svg,https://img.uefa.com/imgml/TP/teams/logos/700x700/52969.png,ITA,FAME,Bologna,https://img.uefa.com/imgml/TP/teams/logos/70x70/52969.png,https://img.uefa.com/imgml/TP/teams/logos/240x240/52969.png,BOL,DOMESTIC_MEN_TEAM_A,Bologna FC,52969
https://img.uefa.com/imgml/uefacom/elements/logos/ma/ESP.svg,https://img.uefa.com/imgml/TP/teams/logos/700x700/50080.png,ESP,FAME,Barcelona,https://img.uefa.com/imgml/TP/teams/logos/70x70/50080.png,https://img.uefa.com/imgml/TP/teams/logos/240x240/50080.png,BAR,DOMESTIC_MEN_TEAM_A,FC Barcelona,50080
https://img.uefa.com/imgml/uefacom/elements/logos/ma/GER.svg,https://img.uefa.com/imgml/TP/teams/logos/700x700/2603790.png,GER,FAME,Leipzig,https://img.uefa.com/imgml/TP/teams/logos/70x70/2603790.png,https://img.uefa.com/imgml/TP/teams/logos/240x240/2603790.png,LEI,DOMESTIC_MEN_TEAM_A,RB Leipzig,2603790
https://img.uefa.com/imgml/uefacom/elements/logos/ma/ITA.svg,https://img.uefa.com/imgml/TP/teams/logos/700x700/50089.png,ITA,FAME,Sampdoria,https://img.uefa.com/imgml/TP/teams/logos/70x70/50089.png,https://img.uefa.com/imgml/TP/teams/logos/240x240/50089.png,SAM,DOMESTIC_MEN_TEAM_A,UC Sampdoria,50089
https://img.uefa.com/imgml/uefacom/elements/logos/ma/ITA.svg,https://img.uefa.com/imgml/TP/teams/logos/700x700/54262.png,ITA,FAME,Parma,https://img.uefa.com/imgml/TP/teams/logos/70x70/54262.png,https://img.uefa.com/imgml/TP/teams/logos/240x240/54262.png,PAR,DOMESTIC_MEN_TEAM_A,Parma FC,54262
https://img.uefa.com/imgml/uefacom/elements/logos/ma/ITA.svg,https://img.uefa.com/imgml/TP/teams/logos/700x700/64105.png,ITA,FAME,Brescia,https://img.uefa.com/imgml/TP/teams/logos/70x70/64105.png,https://img.uefa.com/imgml/TP/teams/logos/240x240/64105.png,BRE,DOMESTIC_MEN_TEAM_A,Brescia Calcio,64105
https://img.uefa.com/imgml/uefacom/elements/logos/ma/ENG.svg,https://img.uefa.com/imgml/TP/teams/logos/700x700/2601129.png,ENG,FAME,Bristol Rovers,https://img.uefa.com/imgml/TP/teams/logos/70x70/2601129.png,https://img.uefa.com/imgml/TP/teams/logos/240x240/2601129.png,,DOMESTIC_MEN_TEAM_A,Bristol Rovers FC,2601129
https://img.uefa.com/imgml/uefacom/elements/logos/ma/GER.svg,https://img.uefa.com/imgml/TP/teams/logos/700x700/50109.png,GER,FAME,Leverkusen,https://img.uefa.com/imgml/TP/teams/logos/70x70/50109.png,https://img.uefa.com/imgml/TP/teams/logos/240x240/50109.png,BL,DOMESTIC_MEN_TEAM_A,Bayer 04 Leverkusen,50109
https://img.uefa.com/imgml/uefacom/elements/logos/ma/USA.svg,https://img.uefa.com/imgml/TP/teams/logos/700x700/2608785.png,USA,FAME,Minnesota,https://img.uefa.com/imgml/TP/teams/logos/70x70/2608785.png,https://img.uefa.com/imgml/TP/teams/logos/240x240/2608785.png,,DOMESTIC_MEN_TEAM_A,Minnesota United,2608785
https://img.uefa.com/imgml/uefacom/elements/logos/ma/FIN.svg,https://img.uefa.com/imgml/TP/teams/logos/700x700/50052.png,FIN,FAME,HJK,https://img.uefa.com/imgml/TP/teams/logos/70x70/50052.png,https://img.uefa.com/imgml/TP/teams/logos/240x240/50052.png,HJK,DOMESTIC_MEN_TEAM_A,HJK Helsinki,50052
https://img.uefa.com/imgml/uefacom/elements/logos/ma/BEL.svg,https://img.uefa.com/imgml/TP/teams/logos/700x700/61582.png,BEL,FAME,Genk,https://img.uefa.com/imgml/TP/teams/logos/70x70/61582.png,https://img.uefa.com/imgml/TP/teams/logos/240x240/61582.png,GNK,DOMESTIC_MEN_TEAM_A,KRC Genk,61582
https://img.uefa.com/imgml/uefacom/elements/logos/ma/ITA.svg,https://img.uefa.com/imgml/TP/teams/logos/700x700/77904.png,ITA,FAME,Chievo,https://img.uefa.com/imgml/TP/teams/logos/70x70/77904.png,https://img.uefa.com/imgml/TP/teams/logos/240x240/77904.png,CHI,DOMESTIC_MEN_TEAM_A,AC Chievo Verona,77904
https://img.uefa.com/imgml/uefacom/elements/logos/ma/SWE.svg,https://img.uefa.com/imgml/TP/teams/logos/700x700/52344.png,SWE,FAME,Elfsborg,https://img.uefa.com/imgml/TP/teams/logos/70x70/52344.png,https://img.uefa.com/imgml/TP/teams/logos/240x240/52344.png,ELF,DOMESTIC_MEN_TEAM_A,IF Elfsborg,52344
https://img.uefa.com/imgml/uefacom/elements/logos/ma/SWE.svg,https://img.uefa.com/imgml/TP/teams/logos/700x700/69621.png,SWE,FAME,Häcken,https://img.uefa.com/imgml/TP/teams/logos/70x70/69621.png,https://img.uefa.com/imgml/TP/teams/logos/240x240/69621.png,HÄC,DOMESTIC_MEN_TEAM_A,BK Häcken,69621
https://img.uefa.com/imgml/uefacom/elements/logos/ma/NED.svg,https://img.uefa.com/imgml/TP/teams/logos/700x700/77910.png,NED,FAME,Zwolle,https://img.uefa.com/imgml/TP/teams/logos/70x70/77910.png,https://img.uefa.com/imgml/TP/teams/logos/240x240/77910.png,ZWO,DOMESTIC_MEN_TEAM_A,PEC Zwolle,77910
https://img.uefa.com/imgml/uefacom/elements/logos/ma/CYP.svg,https://img.uefa.com/imgml/TP/teams/logos/700x700/77481.png,CYP,FAME,Pafos,https://img.uefa.com/imgml/TP/teams/logos/70x70/77481.png,https://img.uefa.com/imgml/TP/teams/logos/240x240/77481.png,AEP,DOMESTIC_MEN_TEAM_A,Pafos FC,77481
https://img.uefa.com/imgml/uefacom/elements/logos/ma/POL.svg,https://img.uefa.com/imgml/TP/teams/logos/700x700/2604891.png,POL,FAME,Warta Poznan,https://img.uefa.com/imgml/TP/teams/logos/70x70/2604891.png,https://img.uefa.com/imgml/TP/teams/logos/240x240/2604891.png,,DOMESTIC_MEN_TEAM_A,Warta Poznan,2604891
https://img.uefa.com/imgml/uefacom/elements/logos/ma/ENG.svg,https://img.uefa.com/imgml/TP/teams/logos/700x700/52282.png,ENG,FAME,QPR,https://img.uefa.com/imgml/TP/teams/logos/70x70/52282.png,https://img.uefa.com/imgml/TP/teams/logos/240x240/52282.png,QPR,DOMESTIC_MEN_TEAM_A,Queens Park Rangers FC,52282
https://img.uefa.com/imgml/uefacom/elements/logos/ma/GRE.svg,https://img.uefa.com/imgml/TP/teams/logos/700x700/50053.png,GRE,FAME,Larissa,https://img.uefa.com/imgml/TP/teams/logos/70x70/50053.png,https://img.uefa.com/imgml/TP/teams/logos/240x240/50053.png,LAR,DOMESTIC_MEN_TEAM_A,AE Larissa FC,50053
https://img.uefa.com/imgml/uefacom/elements/logos/ma/SWE.svg,https://img.uefa.com/imgml/TP/teams/logos/700x700/52809.png,SWE,FAME,Djurgården,https://img.uefa.com/imgml/TP/teams/logos/70x70/52809.png,https://img.uefa.com/imgml/TP/teams/logos/240x240/52809.png,DJU,DOMESTIC_MEN_TEAM_A,Djurgårdens IF,52809
https://img.uefa.com/imgml/uefacom/elements/logos/ma/SCO.svg,https://img.uefa.com/imgml/TP/teams/logos/700x700/50121.png,SCO,FAME,Rangers,https://img.uefa.com/imgml/TP/teams/logos/70x70/50121.png,https://img.uefa.com/imgml/TP/teams/logos/240x240/50121.png,RAN,DOMESTIC_MEN_TEAM_A,Rangers FC,50121
https://img.uefa.com/imgml/uefacom/elements/logos/ma/DEN.svg,https://img.uefa.com/imgml/TP/teams/logos/700x700/64140.png,DEN,FAME,Esbjerg,https://img.uefa.com/imgml/TP/teams/logos/70x70/64140.png,https://img.uefa.com/imgml/TP/teams/logos/240x240/64140.png,ESB,DOMESTIC_MEN_TEAM_A,Esbjerg fB,64140
https://img.uefa.com/imgml/uefacom/elements/logos/ma/NOR.svg,https://img.uefa.com/imgml/TP/teams/logos/700x700/52770.png,NOR,FAME,Brann,https://img.uefa.com/imgml/TP/teams/logos/70x70/52770.png,https://img.uefa.com/imgml/TP/teams/logos/240x240/52770.png,BRA,DOMESTIC_MEN_TEAM_A,SK Brann,52770
https://img.uefa.com/imgml/uefacom/elements/logos/ma/HUN.svg,https://img.uefa.com/imgml/TP/teams/logos/700x700/52815.png,HUN,FAME,MTK,https://img.uefa.com/imgml/TP/teams/logos/70x70/52815.png,https://img.uefa.com/imgml/TP/teams/logos/240x240/52815.png,MTK,DOMESTIC_MEN_TEAM_A,MTK Budapest,52815
https://img.uefa.com/imgml/uefacom/elements/logos/ma/CAN.svg,https://img.uefa.com/imgml/TP/teams/logos/700x700/2607184.png,CAN,FAME,Montreal,https://img.uefa.com/imgml/TP/teams/logos/70x70/2607184.png,https://img.uefa.com/imgml/TP/teams/logos/240x240/2607184.png,,DOMESTIC_MEN_TEAM_A,Montreal Impact,2607184
https://img.uefa.com/imgml/uefacom/elements/logos/ma/ENG.svg,https://img.uefa.com/imgml/TP/teams/logos/700x700/52921.png,ENG,FAME,Norwich,https://img.uefa.com/imgml/TP/teams/logos/70x70/52921.png,https://img.uefa.com/imgml/TP/teams/logos/240x240/52921.png,NOR,DOMESTIC_MEN_TEAM_A,Norwich City FC,52921
https://img.uefa.com/imgml/uefacom/elements/logos/ma/GER.svg,https://img.uefa.com/imgml/TP/teams/logos/700x700/77977.png,GER,FAME,Union Berlin,https://img.uefa.com/imgml/TP/teams/logos/70x70/77977.png,https://img.uefa.com/imgml/TP/teams/logos/240x240/77977.png,UNI,DOMESTIC_MEN_TEAM_A,1. FC Union Berlin,77977
https://img.uefa.com/imgml/uefacom/elements/logos/ma/RUS.svg,https://img.uefa.com/imgml/TP/teams/logos/700x700/52704.png,RUS,FAME,Dynamo Moscow,https://img.uefa.com/imgml/TP/teams/logos/70x70/52704.png,https://img.uefa.com/imgml/TP/teams/logos/240x240/52704.png,DM,DOMESTIC_MEN_TEAM_A,FC Dynamo Moscow,52704
https://img.uefa.com/imgml/uefacom/elements/logos/ma/RUS.svg,https://img.uefa.com/imgml/TP/teams/logos/700x700/2601038.png,RUS,FAME,Krasnodar,https://img.uefa.com/imgml/TP/teams/logos/70x70/2601038.png,https://img.uefa.com/imgml/TP/teams/logos/240x240/2601038.png,KRA,DOMESTIC_MEN_TEAM_A,FC Krasnodar,2601038
https://img.uefa.com/imgml/uefacom/elements/logos/ma/RUS.svg,https://img.uefa.com/imgml/TP/teams/logos/700x700/82818.png,RUS,FAME,Rubin,https://img.uefa.com/imgml/TP/teams/logos/70x70/82818.png,https://img.uefa.com/imgml/TP/teams/logos/240x240/82818.png,RUB,DOMESTIC_MEN_TEAM_A,FC Rubin,82818
https://img.uefa.com/imgml/uefacom/elements/logos/ma/TUR.svg,https://img.uefa.com/imgml/TP/teams/logos/700x700/60532.png,TUR,FAME,Antalyaspor,https://img.uefa.com/imgml/TP/teams/logos/70x70/60532.png,https://img.uefa.com/imgml/TP/teams/logos/240x240/60532.png,ANT,DOMESTIC_MEN_TEAM_A,Antalyaspor,60532
https://img.uefa.com/imgml/uefacom/elements/logos/ma/RUS.svg,https://img.uefa.com/imgml/TP/teams/logos/700x700/54266.png,RUS,FAME,CSKA Moskva,https://img.uefa.com/imgml/TP/teams/logos/70x70/54266.png,https://img.uefa.com/imgml/TP/teams/logos/240x240/54266.png,CSM,DOMESTIC_MEN_TEAM_A,PFC CSKA Moskva,54266
https://img.uefa.com/imgml/uefacom/elements/logos/ma/RUS.svg,https://img.uefa.com/imgml/TP/teams/logos/700x700/50068.png,RUS,FAME,Spartak Moskva,https://img.uefa.com/imgml/TP/teams/logos/70x70/50068.png,https://img.uefa.com/imgml/TP/teams/logos/240x240/50068.png,SPM,DOMESTIC_MEN_TEAM_A,FC Spartak Moskva,50068
https://img.uefa.com/imgml/uefacom/elements/logos/ma/RUS.svg,https://img.uefa.com/imgml/TP/teams/logos/700x700/86795.png,RUS,FAME,Akhmat,https://img.uefa.com/imgml/TP/teams/logos/70x70/86795.png,https://img.uefa.com/imgml/TP/teams/logos/240x240/86795.png,TER,DOMESTIC_MEN_TEAM_A,FC Akhmat Grozny,86795
https://img.uefa.com/imgml/uefacom/elements/logos/ma/RUS.svg,https://img.uefa.com/imgml/TP/teams/logos/700x700/52826.png,RUS,FAME,Zenit,https://img.uefa.com/imgml/TP/teams/logos/70x70/52826.png,https://img.uefa.com/imgml/TP/teams/logos/240x240/52826.png,ZEN,DOMESTIC_MEN_TEAM_A,FC Zenit,52826
https://img.uefa.com/imgml/uefacom/elements/logos/ma/RUS.svg,https://img.uefa.com/imgml/TP/teams/logos/700x700/53065.png,RUS,FAME,Lokomotiv Moskva,https://img.uefa.com/imgml/TP/teams/logos/70x70/53065.png,https://img.uefa.com/imgml/TP/teams/logos/240x240/53065.png,LMO,DOMESTIC_MEN_TEAM_A,FC Lokomotiv Moskva,53065
https://img.uefa.com/imgml/uefacom/elements/logos/ma/FRA.svg,https://img.uefa.com/imgml/TP/teams/logos/700x700/50023.png,FRA,FAME,Monaco,https://img.uefa.com/imgml/TP/teams/logos/70x70/50023.png,https://img.uefa.com/imgml/TP/teams/logos/240x240/50023.png,MON,DOMESTIC_MEN_TEAM_A,AS Monaco FC,50023
https://img.uefa.com/imgml/uefacom/elements/logos/ma/RUS.svg,https://img.uefa.com/imgml/TP/teams/logos/700x700/2610410.png,RUS,FAME,Sochi,https://img.uefa.com/imgml/TP/teams/logos/70x70/2610410.png,https://img.uefa.com/imgml/TP/teams/logos/240x240/2610410.png,,DOMESTIC_MEN_TEAM_A,FC Sochi,2610410
https://img.uefa.com/imgml/uefacom/elements/logos/ma/ENG.svg,https://img.uefa.com/imgml/TP/teams/logos/700x700/52744.png,ENG,FAME,Watford,https://img.uefa.com/imgml/TP/teams/logos/70x70/52744.png,https://img.uefa.com/imgml/TP/teams/logos/240x240/52744.png,WAT,DOMESTIC_MEN_TEAM_A,Watford FC,52744
https://img.uefa.com/imgml/uefacom/elements/logos/ma/AUT.svg,https://img.uefa.com/imgml/TP/teams/logos/700x700/63405.png,AUT,FAME,LASK,https://img.uefa.com/imgml/TP/teams/logos/70x70/63405.png,https://img.uefa.com/imgml/TP/teams/logos/240x240/63405.png,LAS,DOMESTIC_MEN_TEAM_A,LASK,63405
https://img.uefa.com/imgml/uefacom/elements/logos/ma/GER.svg,https://img.uefa.com/imgml/TP/teams/logos/700x700/50037.png,GER,FAME,Bayern,https://img.uefa.com/imgml/TP/teams/logos/70x70/50037.png,https://img.uefa.com/imgml/TP/teams/logos/240x240/50037.png,BAY,DOMESTIC_MEN_TEAM_A,FC Bayern München,50037
https://img.uefa.com/imgml/uefacom/elements/logos/ma/AUT.svg,https://img.uefa.com/imgml/TP/teams/logos/700x700/50030.png,AUT,FAME,Salzburg,https://img.uefa.com/imgml/TP/teams/logos/70x70/50030.png,https://img.uefa.com/imgml/TP/teams/logos/240x240/50030.png,SBG,DOMESTIC_MEN_TEAM_A,FC Salzburg,50030
https://img.uefa.com/imgml/uefacom/elements/logos/ma/GER.svg,https://img.uefa.com/imgml/TP/teams/logos/700x700/59880.png,GER,FAME,Freiburg,https://img.uefa.com/imgml/TP/teams/logos/70x70/59880.png,https://img.uefa.com/imgml/TP/teams/logos/240x240/59880.png,FRE,DOMESTIC_MEN_TEAM_A,SC Freiburg,59880
https://img.uefa.com/imgml/uefacom/elements/logos/ma/SUI.svg,https://img.uefa.com/imgml/TP/teams/logos/700x700/52808.png,SUI,FAME,Luzern,https://img.uefa.com/imgml/TP/teams/logos/70x70/52808.png,https://img.uefa.com/imgml/TP/teams/logos/240x240/52808.png,LUZ,DOMESTIC_MEN_TEAM_A,FC Luzern,52808
https://img.uefa.com/imgml/uefacom/elements/logos/ma/GER.svg,https://img.uefa.com/imgml/TP/teams/logos/700x700/50107.png,GER,FAME,Stuttgart,https://img.uefa.com/imgml/TP/teams/logos/70x70/50107.png,https://img.uefa.com/imgml/TP/teams/logos/240x240/50107.png,STU,DOMESTIC_MEN_TEAM_A,VfB Stuttgart,50107
https://img.uefa.com/imgml/uefacom/elements/logos/ma/CHN.svg,https://img.uefa.com/imgml/TP/teams/logos/700x700/2610814.png,CHN,FAME,Shanghai SIPG,https://img.uefa.com/imgml/TP/teams/logos/70x70/2610814.png,https://img.uefa.com/imgml/TP/teams/logos/240x240/2610814.png,,DOMESTIC_MEN_TEAM_A,Shanghai SIPG F.C.,2610814
https://img.uefa.com/imgml/uefacom/elements/logos/ma/NED.svg,https://img.uefa.com/imgml/TP/teams/logos/700x700/52327.png,NED,FAME,AZ Alkmaar,https://img.uefa.com/imgml/TP/teams/logos/70x70/52327.png,https://img.uefa.com/imgml/TP/teams/logos/240x240/52327.png,AZ,DOMESTIC_MEN_TEAM_A,AZ Alkmaar,52327
https://img.uefa.com/imgml/uefacom/elements/logos/ma/NED.svg,https://img.uefa.com/imgml/TP/teams/logos/700x700/50143.png,NED,FAME,Ajax,https://img.uefa.com/imgml/TP/teams/logos/70x70/50143.png,https://img.uefa.com/imgml/TP/teams/logos/240x240/50143.png,AJX,DOMESTIC_MEN_TEAM_A,AFC Ajax,50143
https://img.uefa.com/imgml/uefacom/elements/logos/ma/ESP.svg,https://img.uefa.com/imgml/TP/teams/logos/700x700/52714.png,ESP,FAME,Sevilla,https://img.uefa.com/imgml/TP/teams/logos/70x70/52714.png,https://img.uefa.com/imgml/TP/teams/logos/240x240/52714.png,SEV,DOMESTIC_MEN_TEAM_A,Sevilla FC,52714
https://img.uefa.com/imgml/uefacom/elements/logos/ma/ESP.svg,https://img.uefa.com/imgml/TP/teams/logos/700x700/74070.png,ESP,FAME,Rayo Vallecano,https://img.uefa.com/imgml/TP/teams/logos/70x70/74070.png,https://img.uefa.com/imgml/TP/teams/logos/240x240/74070.png,RAY,DOMESTIC_MEN_TEAM_A,Rayo Vallecano de Madrid,74070
https://img.uefa.com/imgml/uefacom/elements/logos/ma/MKD.svg,https://img.uefa.com/imgml/TP/teams/logos/700x700/69601.png,MKD,FAME,Rabotnicki,https://img.uefa.com/imgml/TP/teams/logos/70x70/69601.png,https://img.uefa.com/imgml/TP/teams/logos/240x240/69601.png,RAB,DOMESTIC_MEN_TEAM_A,FK Rabotnicki,69601
https://img.uefa.com/imgml/uefacom/elements/logos/ma/CYP.svg,https://img.uefa.com/imgml/TP/teams/logos/700x700/69528.png,CYP,FAME,Doxa,https://img.uefa.com/imgml/TP/teams/logos/70x70/69528.png,https://img.uefa.com/imgml/TP/teams/logos/240x240/69528.png,DOX,DOMESTIC_MEN_TEAM_A,Doxa Katokopia FC,69528
https://img.uefa.com/imgml/uefacom/elements/logos/ma/BEL.svg,https://img.uefa.com/imgml/TP/teams/logos/700x700/52886.png,BEL,FAME,Charleroi,https://img.uefa.com/imgml/TP/teams/logos/70x70/52886.png,https://img.uefa.com/imgml/TP/teams/logos/240x240/52886.png,CHA,DOMESTIC_MEN_TEAM_A,R. Charleroi SC,52886
https://img.uefa.com/imgml/uefacom/elements/logos/ma/HUN.svg,https://img.uefa.com/imgml/TP/teams/logos/700x700/50132.png,HUN,FAME,Újpest,https://img.uefa.com/imgml/TP/teams/logos/70x70/50132.png,https://img.uefa.com/imgml/TP/teams/logos/240x240/50132.png,UJP,DOMESTIC_MEN_TEAM_A,Újpest FC,50132
https://img.uefa.com/imgml/uefacom/elements/logos/ma/CRO.svg,https://img.uefa.com/imgml/TP/teams/logos/700x700/52356.png,CRO,FAME,Rijeka,https://img.uefa.com/imgml/TP/teams/logos/70x70/52356.png,https://img.uefa.com/imgml/TP/teams/logos/240x240/52356.png,RIJ,DOMESTIC_MEN_TEAM_A,HNK Rijeka,52356
https://img.uefa.com/imgml/uefacom/elements/logos/ma/HUN.svg,https://img.uefa.com/imgml/TP/teams/logos/700x700/52288.png,HUN,FAME,Fehérvár,https://img.uefa.com/imgml/TP/teams/logos/70x70/52288.png,https://img.uefa.com/imgml/TP/teams/logos/240x240/52288.png,FEH,DOMESTIC_MEN_TEAM_A,Fehérvár FC,52288
https://img.uefa.com/imgml/uefacom/elements/logos/ma/MKD.svg,https://img.uefa.com/imgml/TP/teams/logos/700x700/75807.png,MKD,FAME,Shkëndija,https://img.uefa.com/imgml/TP/teams/logos/70x70/75807.png,https://img.uefa.com/imgml/TP/teams/logos/240x240/75807.png,SHK,DOMESTIC_MEN_TEAM_A,KF Shkëndija,75807
https://img.uefa.com/imgml/uefacom/elements/logos/ma/ALB.svg,https://img.uefa.com/imgml/TP/teams/logos/700x700/52876.png,ALB,FAME,Partizani,https://img.uefa.com/imgml/TP/teams/logos/70x70/52876.png,https://img.uefa.com/imgml/TP/teams/logos/240x240/52876.png,PAR,DOMESTIC_MEN_TEAM_A,FK Partizani,52876
https://img.uefa.com/imgml/uefacom/elements/logos/ma/SVK.svg,https://img.uefa.com/imgml/TP/teams/logos/700x700/52904.png,SVK,FAME,Spartak Trnava,https://img.uefa.com/imgml/TP/teams/logos/70x70/52904.png,https://img.uefa.com/imgml/TP/teams/logos/240x240/52904.png,TRN,DOMESTIC_MEN_TEAM_A,FC Spartak Trnava,52904
https://img.uefa.com/imgml/uefacom/elements/logos/ma/CYP.svg,https://img.uefa.com/imgml/TP/teams/logos/700x700/54191.png,CYP,FAME,AEK Larnaca,https://img.uefa.com/imgml/TP/teams/logos/70x70/54191.png,https://img.uefa.com/imgml/TP/teams/logos/240x240/54191.png,LAR,DOMESTIC_MEN_TEAM_A,AEK Larnaca FC,54191
https://img.uefa.com/imgml/uefacom/elements/logos/ma/ESP.svg,https://img.uefa.com/imgml/TP/teams/logos/700x700/87959.png,ESP,FAME,Levante,https://img.uefa.com/imgml/TP/teams/logos/70x70/87959.png,https://img.uefa.com/imgml/TP/teams/logos/240x240/87959.png,LEV,DOMESTIC_MEN_TEAM_A,Levante UD,87959
https://img.uefa.com/imgml/uefacom/elements/logos/ma/SVK.svg,https://img.uefa.com/imgml/TP/teams/logos/700x700/64319.png,SVK,FAME,Ružomberok,https://img.uefa.com/imgml/TP/teams/logos/70x70/64319.png,https://img.uefa.com/imgml/TP/teams/logos/240x240/64319.png,RUZ,DOMESTIC_MEN_TEAM_A,MFK Ružomberok,64319
https://img.uefa.com/imgml/uefacom/elements/logos/ma/ITA.svg,https://img.uefa.com/imgml/TP/teams/logos/700x700/52974.png,ITA,FAME,Lecce,https://img.uefa.com/imgml/TP/teams/logos/70x70/52974.png,https://img.uefa.com/imgml/TP/teams/logos/240x240/52974.png,LEC,DOMESTIC_MEN_TEAM_A,US Lecce,52974
https://img.uefa.com/imgml/uefacom/elements/logos/ma/ITA.svg,https://img.uefa.com/imgml/TP/teams/logos/700x700/52972.png,ITA,FAME,Genoa,https://img.uefa.com/imgml/TP/teams/logos/70x70/52972.png,https://img.uefa.com/imgml/TP/teams/logos/240x240/52972.png,GEN,DOMESTIC_MEN_TEAM_A,Genoa CFC,52972
https://img.uefa.com/imgml/uefacom/elements/logos/ma/TUR.svg,https://img.uefa.com/imgml/TP/teams/logos/700x700/88359.png,TUR,FAME,Kayserispor,https://img.uefa.com/imgml/TP/teams/logos/70x70/88359.png,https://img.uefa.com/imgml/TP/teams/logos/240x240/88359.png,KYS,DOMESTIC_MEN_TEAM_A,Kayserispor,88359
https://img.uefa.com/imgml/uefacom/elements/logos/ma/ESP.svg,https://img.uefa.com/imgml/TP/teams/logos/700x700/53044.png,ESP,FAME,Mallorca,https://img.uefa.com/imgml/TP/teams/logos/70x70/53044.png,https://img.uefa.com/imgml/TP/teams/logos/240x240/53044.png,MAL,DOMESTIC_MEN_TEAM_A,RCD Mallorca,53044
https://img.uefa.com/imgml/uefacom/elements/logos/ma/BIH.svg,https://img.uefa.com/imgml/TP/teams/logos/700x700/64378.png,BIH,FAME,Sarajevo,https://img.uefa.com/imgml/TP/teams/logos/70x70/64378.png,https://img.uefa.com/imgml/TP/teams/logos/240x240/64378.png,SAR,DOMESTIC_MEN_TEAM_A,FK Sarajevo,64378
https://img.uefa.com/imgml/uefacom/elements/logos/ma/FRA.svg,https://img.uefa.com/imgml/TP/teams/logos/700x700/2604458.png,FRA,FAME,Chambly,https://img.uefa.com/imgml/TP/teams/logos/70x70/2604458.png,https://img.uefa.com/imgml/TP/teams/logos/240x240/2604458.png,,DOMESTIC_MEN_TEAM_A,FC Chambly,2604458
https://img.uefa.com/imgml/uefacom/elements/logos/ma/MKD.svg,https://img.uefa.com/imgml/TP/teams/logos/700x700/2608458.png,MKD,FAME,Akademija Pandev,https://img.uefa.com/imgml/TP/teams/logos/70x70/2608458.png,https://img.uefa.com/imgml/TP/teams/logos/240x240/2608458.png,PAN,DOMESTIC_MEN_TEAM_A,Akademija Pandev,2608458
https://img.uefa.com/imgml/uefacom/elements/logos/ma/UKR.svg,https://img.uefa.com/imgml/TP/teams/logos/700x700/52707.png,UKR,FAME,Shakhtar Donetsk,https://img.uefa.com/imgml/TP/teams/logos/70x70/52707.png,https://img.uefa.com/imgml/TP/teams/logos/240x240/52707.png,SHK,DOMESTIC_MEN_TEAM_A,FC Shakhtar Donetsk,52707
https://img.uefa.com/imgml/uefacom/elements/logos/ma/UKR.svg,https://img.uefa.com/imgml/TP/teams/logos/700x700/52723.png,UKR,FAME,Dynamo Kyiv,https://img.uefa.com/imgml/TP/teams/logos/70x70/52723.png,https://img.uefa.com/imgml/TP/teams/logos/240x240/52723.png,DK,DOMESTIC_MEN_TEAM_A,FC Dynamo Kyiv,52723
https://img.uefa.com/imgml/uefacom/elements/logos/ma/BEL.svg,https://img.uefa.com/imgml/TP/teams/logos/700x700/4608.png,BEL,FAME,Gent,https://img.uefa.com/imgml/TP/teams/logos/70x70/4608.png,https://img.uefa.com/imgml/TP/teams/logos/240x240/4608.png,GNT,DOMESTIC_MEN_TEAM_A,KAA Gent,4608
https://img.uefa.com/imgml/uefacom/elements/logos/ma/BEL.svg,https://img.uefa.com/imgml/TP/teams/logos/700x700/68495.png,BEL,FAME,Kortrijk,https://img.uefa.com/imgml/TP/teams/logos/70x70/68495.png,https://img.uefa.com/imgml/TP/teams/logos/240x240/68495.png,KOR,DOMESTIC_MEN_TEAM_A,KV Kortrijk,68495
https://img.uefa.com/imgml/uefacom/elements/logos/ma/HUN.svg,https://img.uefa.com/imgml/TP/teams/logos/700x700/52298.png,HUN,FAME,Ferencváros,https://img.uefa.com/imgml/TP/teams/logos/70x70/52298.png,https://img.uefa.com/imgml/TP/teams/logos/240x240/52298.png,FER,DOMESTIC_MEN_TEAM_A,Ferencvárosi TC,52298
https://img.uefa.com/imgml/uefacom/elements/logos/ma/ENG.svg,https://img.uefa.com/imgml/TP/teams/logos/700x700/53358.png,ENG,FAME,West Ham,https://img.uefa.com/imgml/TP/teams/logos/70x70/53358.png,https://img.uefa.com/imgml/TP/teams/logos/240x240/53358.png,WES,DOMESTIC_MEN_TEAM_A,West Ham United FC,53358
https://img.uefa.com/imgml/uefacom/elements/logos/ma/UKR.svg,https://img.uefa.com/imgml/TP/teams/logos/700x700/2609193.png,UKR,FAME,Dnipro-1,https://img.uefa.com/imgml/TP/teams/logos/70x70/2609193.png,https://img.uefa.com/imgml/TP/teams/logos/240x240/2609193.png,,DOMESTIC_MEN_TEAM_A,Dnipro-1,2609193
https://img.uefa.com/imgml/uefacom/elements/logos/ma/CRO.svg,https://img.uefa.com/imgml/TP/teams/logos/700x700/52359.png,CRO,FAME,Hajduk Split,https://img.uefa.com/imgml/TP/teams/logos/70x70/52359.png,https://img.uefa.com/imgml/TP/teams/logos/240x240/52359.png,HAJ,DOMESTIC_MEN_TEAM_A,HNK Hajduk Split,52359
https://img.uefa.com/imgml/uefacom/elements/logos/ma/FRA.svg,https://img.uefa.com/imgml/TP/teams/logos/700x700/52748.png,FRA,FAME,Marseille,https://img.uefa.com/imgml/TP/teams/logos/70x70/52748.png,https://img.uefa.com/imgml/TP/teams/logos/240x240/52748.png,OM,DOMESTIC_MEN_TEAM_A,Olympique de Marseille,52748
https://img.uefa.com/imgml/uefacom/elements/logos/ma/POL.svg,https://img.uefa.com/imgml/TP/teams/logos/700x700/50146.png,POL,FAME,Legia,https://img.uefa.com/imgml/TP/teams/logos/70x70/50146.png,https://img.uefa.com/imgml/TP/teams/logos/240x240/50146.png,LEG,DOMESTIC_MEN_TEAM_A,Legia Warszawa,50146
https://img.uefa.com/imgml/uefacom/elements/logos/ma/CRO.svg,https://img.uefa.com/imgml/TP/teams/logos/700x700/53082.png,CRO,FAME,Osijek,https://img.uefa.com/imgml/TP/teams/logos/70x70/53082.png,https://img.uefa.com/imgml/TP/teams/logos/240x240/53082.png,OSI,DOMESTIC_MEN_TEAM_A,NK Osijek,53082
https://img.uefa.com/imgml/uefacom/elements/logos/ma/ESP.svg,https://img.uefa.com/imgml/TP/teams/logos/700x700/53042.png,ESP,FAME,Osasuna,https://img.uefa.com/imgml/TP/teams/logos/70x70/53042.png,https://img.uefa.com/imgml/TP/teams/logos/240x240/53042.png,OSA,DOMESTIC_MEN_TEAM_A,CA Osasuna,53042
https://img.uefa.com/imgml/uefacom/elements/logos/ma/GER.svg,https://img.uefa.com/imgml/TP/teams/logos/700x700/50040.png,GER,FAME,Bremen,https://img.uefa.com/imgml/TP/teams/logos/70x70/50040.png,https://img.uefa.com/imgml/TP/teams/logos/240x240/50040.png,BRM,DOMESTIC_MEN_TEAM_A,SV Werder Bremen,50040
https://img.uefa.com/imgml/uefacom/elements/logos/ma/CZE.svg,https://img.uefa.com/imgml/TP/teams/logos/700x700/52905.png,CZE,FAME,Sigma,https://img.uefa.com/imgml/TP/teams/logos/70x70/52905.png,https://img.uefa.com/imgml/TP/teams/logos/240x240/52905.png,SIG,DOMESTIC_MEN_TEAM_A,SK Sigma Olomouc,52905
https://img.uefa.com/imgml/uefacom/elements/logos/ma/CZE.svg,https://img.uefa.com/imgml/TP/teams/logos/700x700/52498.png,CZE,FAME,Slavia Praha,https://img.uefa.com/imgml/TP/teams/logos/70x70/52498.png,https://img.uefa.com/imgml/TP/teams/logos/240x240/52498.png,SLP,DOMESTIC_MEN_TEAM_A,SK Slavia Praha,52498
https://img.uefa.com/imgml/uefacom/elements/logos/ma/CZE.svg,https://img.uefa.com/imgml/TP/teams/logos/700x700/64388.png,CZE,FAME,Plzeň,https://img.uefa.com/imgml/TP/teams/logos/70x70/64388.png,https://img.uefa.com/imgml/TP/teams/logos/240x240/64388.png,PLZ,DOMESTIC_MEN_TEAM_A,FC Viktoria Plzeň,64388
https://img.uefa.com/imgml/uefacom/elements/logos/ma/ENG.svg,https://img.uefa.com/imgml/TP/teams/logos/700x700/2601134.png,ENG,FAME,Bristol City,https://img.uefa.com/imgml/TP/teams/logos/70x70/2601134.png,https://img.uefa.com/imgml/TP/teams/logos/240x240/2601134.png,,DOMESTIC_MEN_TEAM_A,Bristol City FC,2601134
https://img.uefa.com/imgml/uefacom/elements/logos/ma/CZE.svg,https://img.uefa.com/imgml/TP/teams/logos/700x700/50033.png,CZE,FAME,Sparta Praha,https://img.uefa.com/imgml/TP/teams/logos/70x70/50033.png,https://img.uefa.com/imgml/TP/teams/logos/240x240/50033.png,SPP,DOMESTIC_MEN_TEAM_A,AC Sparta Praha,50033
https://img.uefa.com/imgml/uefacom/elements/logos/ma/CZE.svg,https://img.uefa.com/imgml/TP/teams/logos/700x700/64385.png,CZE,FAME,Liberec,https://img.uefa.com/imgml/TP/teams/logos/70x70/64385.png,https://img.uefa.com/imgml/TP/teams/logos/240x240/64385.png,LIB,DOMESTIC_MEN_TEAM_A,FC Slovan Liberec,64385
https://img.uefa.com/imgml/uefacom/elements/logos/ma/ITA.svg,https://img.uefa.com/imgml/TP/teams/logos/700x700/52301.png,ITA,FAME,Verona,https://img.uefa.com/imgml/TP/teams/logos/70x70/52301.png,https://img.uefa.com/imgml/TP/teams/logos/240x240/52301.png,VER,DOMESTIC_MEN_TEAM_A,Hellas Verona FC,52301
https://img.uefa.com/imgml/uefacom/elements/logos/ma/GRE.svg,https://img.uefa.com/imgml/TP/teams/logos/700x700/50130.png,GRE,FAME,PAOK,https://img.uefa.com/imgml/TP/teams/logos/70x70/50130.png,https://img.uefa.com/imgml/TP/teams/logos/240x240/50130.png,PAO,DOMESTIC_MEN_TEAM_A,PAOK FC,50130
https://img.uefa.com/imgml/uefacom/elements/logos/ma/ENG.svg,https://img.uefa.com/imgml/TP/teams/logos/700x700/53354.png,ENG,FAME,Burnley,https://img.uefa.com/imgml/TP/teams/logos/70x70/53354.png,https://img.uefa.com/imgml/TP/teams/logos/240x240/53354.png,BUR,DOMESTIC_MEN_TEAM_A,Burnley FC,53354
https://img.uefa.com/imgml/uefacom/elements/logos/ma/ENG.svg,https://img.uefa.com/imgml/TP/teams/logos/700x700/52281.png,ENG,FAME,Everton,https://img.uefa.com/imgml/TP/teams/logos/70x70/52281.png,https://img.uefa.com/imgml/TP/teams/logos/240x240/52281.png,EVE,DOMESTIC_MEN_TEAM_A,Everton FC,52281
https://img.uefa.com/imgml/uefacom/elements/logos/ma/ENG.svg,https://img.uefa.com/imgml/TP/teams/logos/700x700/52683.png,ENG,FAME,Aston Villa,https://img.uefa.com/imgml/TP/teams/logos/70x70/52683.png,https://img.uefa.com/imgml/TP/teams/logos/240x240/52683.png,AV,DOMESTIC_MEN_TEAM_A,Aston Villa FC,52683
https://img.uefa.com/imgml/uefacom/elements/logos/ma/ENG.svg,https://img.uefa.com/imgml/TP/teams/logos/700x700/52917.png,ENG,FAME,Derby,https://img.uefa.com/imgml/TP/teams/logos/70x70/52917.png,https://img.uefa.com/imgml/TP/teams/logos/240x240/52917.png,DER,DOMESTIC_MEN_TEAM_A,Derby County FC,52917
https://img.uefa.com/imgml/uefacom/elements/logos/ma/SCO.svg,https://img.uefa.com/imgml/TP/teams/logos/700x700/50120.png,SCO,FAME,Hearts,https://img.uefa.com/imgml/TP/teams/logos/70x70/50120.png,https://img.uefa.com/imgml/TP/teams/logos/240x240/50120.png,HEA,DOMESTIC_MEN_TEAM_A,Heart of Midlothian FC,50120
https://img.uefa.com/imgml/uefacom/elements/logos/ma/ENG.svg,https://img.uefa.com/imgml/TP/teams/logos/700x700/52681.png,ENG,FAME,Nottm Forest,https://img.uefa.com/imgml/TP/teams/logos/70x70/52681.png,https://img.uefa.com/imgml/TP/teams/logos/240x240/52681.png,NOT,DOMESTIC_MEN_TEAM_A,Nottingham Forest FC,52681
https://img.uefa.com/imgml/uefacom/elements/logos/ma/SCO.svg,https://img.uefa.com/imgml/TP/teams/logos/700x700/50050.png,SCO,FAME,Celtic,https://img.uefa.com/imgml/TP/teams/logos/70x70/50050.png,https://img.uefa.com/imgml/TP/teams/logos/240x240/50050.png,CEL,DOMESTIC_MEN_TEAM_A,Celtic FC,50050
https://img.uefa.com/imgml/uefacom/elements/logos/ma/SCO.svg,https://img.uefa.com/imgml/TP/teams/logos/700x700/53035.png,SCO,FAME,Motherwell,https://img.uefa.com/imgml/TP/teams/logos/70x70/53035.png,https://img.uefa.com/imgml/TP/teams/logos/240x240/53035.png,MOT,DOMESTIC_MEN_TEAM_A,Motherwell FC,53035
https://img.uefa.com/imgml/uefacom/elements/logos/ma/BEL.svg,https://img.uefa.com/imgml/TP/teams/logos/700x700/68496.png,BEL,FAME,Oostende,https://img.uefa.com/imgml/TP/teams/logos/70x70/68496.png,https://img.uefa.com/imgml/TP/teams/logos/240x240/68496.png,OOS,DOMESTIC_MEN_TEAM_A,KV Oostende,68496
https://img.uefa.com/imgml/uefacom/elements/logos/ma/SCO.svg,https://img.uefa.com/imgml/TP/teams/logos/700x700/52821.png,SCO,FAME,Hibernian,https://img.uefa.com/imgml/TP/teams/logos/70x70/52821.png,https://img.uefa.com/imgml/TP/teams/logos/240x240/52821.png,HIB,DOMESTIC_MEN_TEAM_A,Hibernian FC,52821
https://img.uefa.com/imgml/uefacom/elements/logos/ma/ENG.svg,https://img.uefa.com/imgml/TP/teams/logos/700x700/53339.png,ENG,FAME,Barnsley,https://img.uefa.com/imgml/TP/teams/logos/70x70/53339.png,https://img.uefa.com/imgml/TP/teams/logos/240x240/53339.png,BAR,DOMESTIC_MEN_TEAM_A,Barnsley FC,53339
https://img.uefa.com/imgml/uefacom/elements/logos/ma/POL.svg,https://img.uefa.com/imgml/TP/teams/logos/700x700/60566.png,POL,FAME,Raków,https://img.uefa.com/imgml/TP/teams/logos/70x70/60566.png,https://img.uefa.com/imgml/TP/teams/logos/240x240/60566.png,RAK,DOMESTIC_MEN_TEAM_A,Raków Czestochowa,60566
https://img.uefa.com/imgml/uefacom/elements/logos/ma/POL.svg,https://img.uefa.com/imgml/TP/teams/logos/700x700/64227.png,POL,FAME,Lech,https://img.uefa.com/imgml/TP/teams/logos/70x70/64227.png,https://img.uefa.com/imgml/TP/teams/logos/240x240/64227.png,LEC,DOMESTIC_MEN_TEAM_A,KKS Lech Poznań,64227
https://img.uefa.com/imgml/uefacom/elements/logos/ma/ITA.svg,https://img.uefa.com/imgml/TP/teams/logos/700x700/2601006.png,ITA,FAME,Benevento,https://img.uefa.com/imgml/TP/teams/logos/70x70/2601006.png,https://img.uefa.com/imgml/TP/teams/logos/240x240/2601006.png,BEN,DOMESTIC_MEN_TEAM_A,Benevento,2601006
https://img.uefa.com/imgml/uefacom/elements/logos/ma/USA.svg,https://img.uefa.com/imgml/TP/teams/logos/700x700/2607180.png,USA,FAME,Chicago Fire,https://img.uefa.com/imgml/TP/teams/logos/70x70/2607180.png,https://img.uefa.com/imgml/TP/teams/logos/240x240/2607180.png,,DOMESTIC_MEN_TEAM_A,Chicago Fire,2607180
https://img.uefa.com/imgml/uefacom/elements/logos/ma/POL.svg,https://img.uefa.com/imgml/TP/teams/logos/700x700/52652.png,POL,FAME,Pogoń,https://img.uefa.com/imgml/TP/teams/logos/70x70/52652.png,https://img.uefa.com/imgml/TP/teams/logos/240x240/52652.png,POG,DOMESTIC_MEN_TEAM_A,MKS Pogoń Szczecin,52652
https://img.uefa.com/imgml/uefacom/elements/logos/ma/POL.svg,https://img.uefa.com/imgml/TP/teams/logos/700x700/2600545.png,POL,FAME,Piast,https://img.uefa.com/imgml/TP/teams/logos/70x70/2600545.png,https://img.uefa.com/imgml/TP/teams/logos/240x240/2600545.png,PIA,DOMESTIC_MEN_TEAM_A,Piast Gliwice,2600545
https://img.uefa.com/imgml/uefacom/elements/logos/ma/POL.svg,https://img.uefa.com/imgml/TP/teams/logos/700x700/52763.png,POL,FAME,Lechia,https://img.uefa.com/imgml/TP/teams/logos/70x70/52763.png,https://img.uefa.com/imgml/TP/teams/logos/240x240/52763.png,LEC,DOMESTIC_MEN_TEAM_A,KS Lechia Gdańsk,52763
https://img.uefa.com/imgml/uefacom/elements/logos/ma/CYP.svg,https://img.uefa.com/imgml/TP/teams/logos/700x700/50077.png,CYP,FAME,Omonoia,https://img.uefa.com/imgml/TP/teams/logos/70x70/50077.png,https://img.uefa.com/imgml/TP/teams/logos/240x240/50077.png,OMO,DOMESTIC_MEN_TEAM_A,Omonoia FC,50077
https://img.uefa.com/imgml/uefacom/elements/logos/ma/ESP.svg,https://img.uefa.com/imgml/TP/teams/logos/700x700/2602869.png,ESP,FAME,Huesca,https://img.uefa.com/imgml/TP/teams/logos/70x70/2602869.png,https://img.uefa.com/imgml/TP/teams/logos/240x240/2602869.png,,DOMESTIC_MEN_TEAM_A,SD Huesca,2602869
https://img.uefa.com/imgml/uefacom/elements/logos/ma/GER.svg,https://img.uefa.com/imgml/TP/teams/logos/700x700/50018.png,GER,FAME,Köln,https://img.uefa.com/imgml/TP/teams/logos/70x70/50018.png,https://img.uefa.com/imgml/TP/teams/logos/240x240/50018.png,KÖL,DOMESTIC_MEN_TEAM_A,1. FC Köln,50018
https://img.uefa.com/imgml/uefacom/elements/logos/ma/SVK.svg,https://img.uefa.com/imgml/TP/teams/logos/700x700/52797.png,SVK,FAME,Slovan Bratislava,https://img.uefa.com/imgml/TP/teams/logos/70x70/52797.png,https://img.uefa.com/imgml/TP/teams/logos/240x240/52797.png,SVB,DOMESTIC_MEN_TEAM_A,ŠK Slovan Bratislava,52797
https://img.uefa.com/imgml/uefacom/elements/logos/ma/NED.svg,https://img.uefa.com/imgml/TP/teams/logos/700x700/50144.png,NED,FAME,Groningen,https://img.uefa.com/imgml/TP/teams/logos/70x70/50144.png,https://img.uefa.com/imgml/TP/teams/logos/240x240/50144.png,GRO,DOMESTIC_MEN_TEAM_A,FC Groningen,50144
https://img.uefa.com/imgml/uefacom/elements/logos/ma/SWE.svg,https://img.uefa.com/imgml/TP/teams/logos/700x700/50066.png,SWE,FAME,Göteborg,https://img.uefa.com/imgml/TP/teams/logos/70x70/50066.png,https://img.uefa.com/imgml/TP/teams/logos/240x240/50066.png,IFK,DOMESTIC_MEN_TEAM_A,IFK Göteborg,50066
https://img.uefa.com/imgml/uefacom/elements/logos/ma/CZE.svg,https://img.uefa.com/imgml/TP/teams/logos/700x700/62169.png,CZE,FAME,Jablonec,https://img.uefa.com/imgml/TP/teams/logos/70x70/62169.png,https://img.uefa.com/imgml/TP/teams/logos/240x240/62169.png,JAB,DOMESTIC_MEN_TEAM_A,FK Jablonec,62169
https://img.uefa.com/imgml/uefacom/elements/logos/ma/ESP.svg,https://img.uefa.com/imgml/TP/teams/logos/700x700/50125.png,ESP,FAME,Athletic Club,https://img.uefa.com/imgml/TP/teams/logos/70x70/50125.png,https://img.uefa.com/imgml/TP/teams/logos/240x240/50125.png,ATH,DOMESTIC_MEN_TEAM_A,Athletic Club,50125
https://img.uefa.com/imgml/uefacom/elements/logos/ma/ESP.svg,https://img.uefa.com/imgml/TP/teams/logos/700x700/70691.png,ESP,FAME,Villarreal,https://img.uefa.com/imgml/TP/teams/logos/70x70/70691.png,https://img.uefa.com/imgml/TP/teams/logos/240x240/70691.png,VLR,DOMESTIC_MEN_TEAM_A,Villarreal CF,70691
https://img.uefa.com/imgml/uefacom/elements/logos/ma/ESP.svg,https://img.uefa.com/imgml/TP/teams/logos/700x700/50123.png,ESP,FAME,Real Sociedad,https://img.uefa.com/imgml/TP/teams/logos/70x70/50123.png,https://img.uefa.com/imgml/TP/teams/logos/240x240/50123.png,REA,DOMESTIC_MEN_TEAM_A,Real Sociedad de Fútbol,50123
https://img.uefa.com/imgml/uefacom/elements/logos/ma/TUR.svg,https://img.uefa.com/imgml/TP/teams/logos/700x700/53055.png,TUR,FAME,Gençlerbirliği,https://img.uefa.com/imgml/TP/teams/logos/70x70/53055.png,https://img.uefa.com/imgml/TP/teams/logos/240x240/53055.png,GCB,DOMESTIC_MEN_TEAM_A,Gençlerbirliği SK,53055
https://img.uefa.com/imgml/uefacom/elements/logos/ma/DEN.svg,https://img.uefa.com/imgml/TP/teams/logos/700x700/52712.png,DEN,FAME,VB,https://img.uefa.com/imgml/TP/teams/logos/70x70/52712.png,https://img.uefa.com/imgml/TP/teams/logos/240x240/52712.png,VEL,DOMESTIC_MEN_TEAM_A,Vejle BK,52712
https://img.uefa.com/imgml/uefacom/elements/logos/ma/SWE.svg,https://img.uefa.com/imgml/TP/teams/logos/700x700/60401.png,SWE,FAME,Helsingborg,https://img.uefa.com/imgml/TP/teams/logos/70x70/60401.png,https://img.uefa.com/imgml/TP/teams/logos/240x240/60401.png,HEL,DOMESTIC_MEN_TEAM_A,Helsingborgs IF,60401
https://img.uefa.com/imgml/uefacom/elements/logos/ma/SWE.svg,https://img.uefa.com/imgml/TP/teams/logos/700x700/52341.png,SWE,FAME,AIK,https://img.uefa.com/imgml/TP/teams/logos/70x70/52341.png,https://img.uefa.com/imgml/TP/teams/logos/240x240/52341.png,AIK,DOMESTIC_MEN_TEAM_A,AIK,52341
https://img.uefa.com/imgml/uefacom/elements/logos/ma/CHN.svg,https://img.uefa.com/imgml/TP/teams/logos/700x700/2608077.png,CHN,FAME,Dalian Pro,https://img.uefa.com/imgml/TP/teams/logos/70x70/2608077.png,https://img.uefa.com/imgml/TP/teams/logos/240x240/2608077.png,,DOMESTIC_MEN_TEAM_A,Dalian Professional F.C.,2608077
https://img.uefa.com/imgml/uefacom/elements/logos/ma/CHN.svg,https://img.uefa.com/imgml/TP/teams/logos/700x700/2608078.png,CHN,FAME,Guangzhou,https://img.uefa.com/imgml/TP/teams/logos/70x70/2608078.png,https://img.uefa.com/imgml/TP/teams/logos/240x240/2608078.png,,DOMESTIC_MEN_TEAM_A,Guangzhou R&F,2608078
https://img.uefa.com/imgml/uefacom/elements/logos/ma/SUI.svg,https://img.uefa.com/imgml/TP/teams/logos/700x700/8538.png,SUI,FAME,Lugano,https://img.uefa.com/imgml/TP/teams/logos/70x70/8538.png,https://img.uefa.com/imgml/TP/teams/logos/240x240/8538.png,LUG,DOMESTIC_MEN_TEAM_A,FC Lugano,8538
https://img.uefa.com/imgml/uefacom/elements/logos/ma/USA.svg,https://img.uefa.com/imgml/TP/teams/logos/700x700/2608081.png,USA,FAME,Philadelphia Union,https://img.uefa.com/imgml/TP/teams/logos/70x70/2608081.png,https://img.uefa.com/imgml/TP/teams/logos/240x240/2608081.png,,DOMESTIC_MEN_TEAM_A,Philadelphia Union,2608081
https://img.uefa.com/imgml/uefacom/elements/logos/ma/HUN.svg,https://img.uefa.com/imgml/TP/teams/logos/700x700/2601257.png,HUN,FAME,Mezőkövesd,https://img.uefa.com/imgml/TP/teams/logos/70x70/2601257.png,https://img.uefa.com/imgml/TP/teams/logos/240x240/2601257.png,MEZ,DOMESTIC_MEN_TEAM_A,Mezőkövesd Zsóry SE,2601257
https://img.uefa.com/imgml/uefacom/elements/logos/ma/TUR.svg,https://img.uefa.com/imgml/TP/teams/logos/700x700/2600289.png,TUR,FAME,Kasımpaşa,https://img.uefa.com/imgml/TP/teams/logos/70x70/2600289.png,https://img.uefa.com/imgml/TP/teams/logos/240x240/2600289.png,KAS,DOMESTIC_MEN_TEAM_A,Kasımpaşa SK,2600289
https://img.uefa.com/imgml/uefacom/elements/logos/ma/SVK.svg,https://img.uefa.com/imgml/TP/teams/logos/700x700/50156.png,SVK,FAME,Dunajská Streda,https://img.uefa.com/imgml/TP/teams/logos/70x70/50156.png,https://img.uefa.com/imgml/TP/teams/logos/240x240/50156.png,DAC,DOMESTIC_MEN_TEAM_A,FC DAC 1904 Dunajská Streda,50156
https://img.uefa.com/imgml/uefacom/elements/logos/ma/USA.svg,https://img.uefa.com/imgml/TP/teams/logos/700x700/2610888.png,USA,FAME,FC Dallas,https://img.uefa.com/imgml/TP/teams/logos/70x70/2610888.png,https://img.uefa.com/imgml/TP/teams/logos/240x240/2610888.png,,DOMESTIC_MEN_TEAM_A,FC Dallas,2610888
https://img.uefa.com/imgml/uefacom/elements/logos/ma/HUN.svg,https://img.uefa.com/imgml/TP/teams/logos/700x700/93452.png,HUN,FAME,Paks,https://img.uefa.com/imgml/TP/teams/logos/70x70/93452.png,https://img.uefa.com/imgml/TP/teams/logos/240x240/93452.png,PAK,DOMESTIC_MEN_TEAM_A,Paksi FC,93452
https://img.uefa.com/imgml/uefacom/elements/logos/ma/SRB.svg,https://img.uefa.com/imgml/TP/teams/logos/700x700/50162.png,SRB,FAME,Partizan,https://img.uefa.com/imgml/TP/teams/logos/70x70/50162.png,https://img.uefa.com/imgml/TP/teams/logos/240x240/50162.png,PTZ,DOMESTIC_MEN_TEAM_A,FK Partizan,50162
https://img.uefa.com/imgml/uefacom/elements/logos/ma/ESP.svg,https://img.uefa.com/imgml/TP/teams/logos/700x700/2602893.png,ESP,FAME,Granada,https://img.uefa.com/imgml/TP/teams/logos/70x70/2602893.png,https://img.uefa.com/imgml/TP/teams/logos/240x240/2602893.png,,DOMESTIC_MEN_TEAM_A,Granada CF,2602893
https://img.uefa.com/imgml/uefacom/elements/logos/ma/POR.svg,https://img.uefa.com/imgml/TP/teams/logos/700x700/50149.png,POR,FAME,Sporting CP,https://img.uefa.com/imgml/TP/teams/logos/70x70/50149.png,https://img.uefa.com/imgml/TP/teams/logos/240x240/50149.png,SCP,DOMESTIC_MEN_TEAM_A,Sporting Clube de Portugal,50149
https://img.uefa.com/imgml/uefacom/elements/logos/ma/POR.svg,https://img.uefa.com/imgml/TP/teams/logos/700x700/50064.png,POR,FAME,Porto,https://img.uefa.com/imgml/TP/teams/logos/70x70/50064.png,https://img.uefa.com/imgml/TP/teams/logos/240x240/50064.png,POR,DOMESTIC_MEN_TEAM_A,FC Porto,50064
https://img.uefa.com/imgml/uefacom/elements/logos/ma/ESP.svg,https://img.uefa.com/imgml/TP/teams/logos/700x700/52265.png,ESP,FAME,Betis,https://img.uefa.com/imgml/TP/teams/logos/70x70/52265.png,https://img.uefa.com/imgml/TP/teams/logos/240x240/52265.png,BET,DOMESTIC_MEN_TEAM_A,Real Betis Balompié,52265
